Company ID,Name,Company Domain Name,Website URL,Lifecycle Stage,Associated Company ID,Associated Company,Redirected URL
2799275647,Imagine 100 Academy of Excellence,100academy.com,100academy.com,Lead,,,
2799257707,Walnut Grove Christian School,104114.agschools.org,104114.agschools.org,Lead,,,
2544181745,14th Street Y Preschool,14streety.org,14streety.org,Lead,,,www.14streety.org
2608931627,Brazosport Christian School,1bcs.org,1bcs.org,Lead,,,1bcs.org
4992714140,1heizi.com,1heizi.com,1heizi.com,Other,,,
2546434936,First Assembly Christian School,1stassembly.school,1stassembly.school,Lead,,,1stassembly.school
3294937476,FIRST CHRISTIAN ACADEMY INC,1stchristianacademy.net,1stchristianacademy.net,Lead,,,1stchristianacademy.net
2546424692,First Lutheran School,1stlutheran.com,1stlutheran.com,Lead,,,1stlutheran.com
2799258431,Methodist School Center,1stmsc.com,1stmsc.com,Lead,,,1stmsc.com
2546372917,St Anne Catholic School,2016.stanneschool.com,2016.stanneschool.com,Lead,,,www.stanneschool.com
2746012491,21st Century Cyber Charter School,21stcenturycyber.org,21stcenturycyber.org,Lead,,,www.21cccs.org
2799274250,21st Century Public Academy,21stcenturypa.org,21stcenturypa.org,Lead,,,
2799274910,21st Century Preparatory School,21stprepschool.org,21stprepschool.org,Lead,,,21stprepschool.org
2746007538,Bridgeport Baptist Academy,2bba.com,2bba.com,Lead,,,www.2bba.com
2799257457,International Barber & Style College,2ibs.org,2ibs.org,Lead,,,
2746012283,Millennium Community School,2kschool.com,2kschool.com,Lead,,,2kschool.com
2799271561,Summit Academy,2summit.org,2summit.org,Lead,,,
2799270372,360 Degrees Beauty Academy,360-degreesbeautyacademy.com,360-degreesbeautyacademy.com,Lead,,,
4774481209,3blueeducation.org,3blueeducation.org,3blueeducation.org,Lead,,,
2809571312,Three Lakes Academy,3lakesacademy.com,3lakesacademy.com,Lead,,,www.3lakesacademy.com
2799271845,Three Rivers Charter School,3rcs.org,3rcs.org,Lead,,,www.3rcs.org
2547746259,Three Rivers Christian School,3riversschool.net,3riversschool.net,Lead,,,3riversschool.net
2809853323,3sixty Education,3sixtyeducation.ca,3sixtyeducation.ca,Lead,,,3sixtyeducation.ca
2798915338,Contra Costa Community College District Office,4cd.net,4cd.net,Lead,,,4cd.net
5090411287,4 Future Generations Academy,4futuregenerations.com,4futuregenerations.com,Other,,,www.4futuregenerations.com
2745992734,Four Rivers Community School,4riverscs.org,4riverscs.org,Lead,,,www.4riverscs.org
2799257053,Tri-State Christian Academy,4tca.org,4tca.org,Lead,,,www.4tca.org
2798917471,WayPoint Academy,4waypoint.com,4waypoint.com,Lead,,,
2799274990,Springfield College of Beauty,4zeducation.com,4zeducation.com,Lead,,,www.4zeducation.com
2745827411,Five Acres School,5acres.org,5acres.org,Lead,,,5acres.org
5064103772,666gmail.com,666gmail.com,666gmail.com,Other,,,666gmail.com
2745982844,Seven Generations Secondary School,7generations.org,7generations.org,Lead,,,www.7generations.org
2608884970,The Seven Hills School,7hills.org,7hills.org,Lead,,,www.7hills.org
2799271566,Seven Hills School,7hillsschool.org,7hillsschool.org,Lead,,,www.7hillsschool.org
2799275996,91St Psalm Christian School,91pcs.com,91pcs.com,Lead,,,91pcs.com
2799296292,9th Bridge School,9thbridgeschool.org,9thbridgeschool.org,Lead,,,9thbridgeschool.org
2797675521,A Child'S Place Montessori School,a-childs-place.com,a-childs-place.com,Other,,,a-childs-place.com
2809839212,A21 Academy,a21academy.org,a21academy.org,Lead,,,
2544208499,Community High School,a2schools.org,a2schools.org,Lead,,,www.a2schools.org
2799258043,Academy of Arts and Academics,a3school.org,a3school.org,Lead,,,a3school.org
2799275416,Academy for Positive Learning Charter School,a4pl.com,a4pl.com,Lead,,,www.a4pl.com
2608818784,Albuquerque Academy,aa.edu,aa.edu,Lead,,,aa.edu
2798595458,Pennsylvania State University-Penn State Altoona,aa.psu.edu,aa.psu.edu,Lead,,,
2799259035,Atlanta Adventist Academy,aaa.edu,aaa.edu,Lead,,,www.aaa.edu
2799288430,AAAIS (Atlanta Area Association of Independent Schools),aaais.org,aaais.org,Other,,,aaais.org
2799258564,American Academy of Acupuncture and Oriental Medicine,aaaom.edu,aaaom.edu,Lead,,,www.aaaom.edu
2799282926,American Academy of Art,aaart.edu,aaart.edu,Lead,,,www.aaart.edu
2799276011,Asian American International Beauty College,aabeautycollege.com,aabeautycollege.com,Lead,,,aabeautycollege.com
2581661336,Alphonsus Academy & Center for the Arts,aaca.school,aaca.school,Lead,,,alphonsusacademy.org
2745828359,Aurora Academy,aacademy.org,aacademy.org,Lead,,,
2799276100,American Air Conditioning Academy,aacaoh.com,aacaoh.com,Lead,,,aacaoh.com
2799274805,Anne Arundel Community College,aacc.edu,aacc.edu,Lead,,,aacc.edu:443
2798571190,American Academy at Castle Pines Charter,aacpcs.org,aacpcs.org,Lead,,,
2745991897,Arizona Agribusiness and Equine Center - Paradise Valley Campus,aaechighschools.com,aaechighschools.com,Lead,,,aaechs.com
3294981519,Al-Mizhar American Acadamy for Girls,aag.ae,aag.ae,Lead,,,aag.ae
2799258757,Arizona Automotive Institute,aai.edu,aai.edu,Lead,,,www.aai.edu
2798602021,Ann Arbor Institute of Massage Therapy,aaimt.edu,aaimt.edu,Lead,,,
2798930608,George I. Sanchez Charter High School (San Antonio),aama.org,aama.org,Lead,,,www.aama.org
2799268987,Alabama A & M University,aamu.edu,aamu.edu,Lead,,,aamu.edu
2746018085,Academy of Arts and Minds,aandm.net,aandm.net,Other,,,aandm.net
2799270046,Aaron Academy - Homeschool,aaronacademy.com,aaronacademy.com,Lead,,,aaronacademy.com
2608849618,Aaron School,aaronschool.org,aaronschool.org,Lead,,,www.aaronschool.org
2746011542,Anglo American School of Sofia,aas-sofia.org,aas-sofia.org,Lead,,,aas-sofia.org
2809226332,Anglo American School of Moscow,aas.ru,aas.ru,Lead,,,www.aas.ru
2799275840,American Advanced Technicians Institute,aationline.com,aationline.com,Lead,,,aati.edu
2745828344,Alderson Broaddus College,ab.edu,ab.edu,Lead,,,ab.edu
2798915121,Abraham Baldwin Agricultural College,abac.edu,abac.edu,Lead,,,www.abac.edu
2546459719,Abacus Montessori Learning Center,abacusmontessori.ca,abacusmontessori.ca,Lead,,,abacusmontessori.ca
2746020212,Abbeville Christian Academy,abbevillechristianacademy.com,abbevillechristianacademy.com,Lead,,,
2746020161,Abbotsford Christian School,abbotsfordchristian.com,abbotsfordchristian.com,Lead,,,abbotsfordchristian.com
2546543105,ArchBalt - Archbishop Borders School,abbschool.com,abbschool.com,Customer,2745978388,Archdiocese of Baltimore,abbschool.com
4387330841,Abby Sheehan,abbysheehan.com,abbysheehan.com,Other,,,abbysheehan.com
2798915980,Abc Learning Center Inc,abc-stewart.org,abc-stewart.org,Lead,,,abc-stewart.org
2745828495,Appalachian Bible College,abc.edu,abc.edu,Lead,,,abc.edu
2745827775,Academia Brit_nica Cuscatleca,abc.edu.sv,abc.edu.sv,Lead,,,www.abc.edu.sv
2809225461,ABC Charter School (Apalachicola Bay Charter),abceagles.org,abceagles.org,Lead,,,www.abceagles.org
2809562897,ABC Montessori,abcmontessori.com,abcmontessori.com,Lead,,,www.abcmontessori.com
2746020682,American Baptist College,abcnash.edu,abcnash.edu,Lead,,,abcnash.edu
2746020800,Arlington Baptist College,abconline.org,abconline.org,Lead,,,abconline.org
2798915461,Abdill Career College Inc,abdill.com,abdill.com,Lead,,,abdill.com
2799275227,Austin Business and Entrepreneurship Academy High School,abeacademy.org,abeacademy.org,Lead,,,
2544182366,Abercrombie Academy,abercrombieacademy.com,abercrombieacademy.com,Lead,,,
2799270435,Roncalli Catholic High School Sioux Falls,aberdeenroncalli.org,aberdeenroncalli.org,Lead,,,aberdeenroncalli.org
4227414146,A Better Chance,abetterchance.org,abetterchance.org,Lead,,,www.abetterchance.org
2608961880,Abiding Savior Lutheran School,abidingsavior.com,abidingsavior.com,Lead,,,abidingsavior.com
2608955211,Abilene Christian Schools,abilenechristian.com,abilenechristian.com,Lead,,,www.abilenechristian.com
2797674478,Pennsylvania State University-Penn State Abington,abington.psu.edu,abington.psu.edu,Lead,,,www.abington.psu.edu
2520402925,Abington Friends School,abingtonfriends.net,abingtonfriends.net,Customer,,,www.abingtonfriends.net
2746020275,Abintra Montessori School,abintra.org,abintra.org,Lead,,,www.abintra.org
2799273559,Abiqua School,abiquaschool.org,abiquaschool.org,Lead,,,abiquaacademy.org
2544172541,Ahlul Bayt Islamic School,abischool.com,abischool.com,Lead,,,www.abischool.com
2809058162,Above and Beyond Learning Experience Inc,ablearning.org,ablearning.org,Lead,,,www.ablearning.org
2799257015,Academy of Business and Leadership Education (ABLE),ableschool.org,ableschool.org,Lead,,,www.ableschool.org
2746007407,Abundant Life Christian School,ablifeschool.com,ablifeschool.com,Lead,,,ablifeschool.com
2799258352,Albuquerque School of Excellence,abqse.org,abqse.org,Lead,,,abqse.org
2546797330,Abraar School,abraarschool.com,abraarschool.com,Lead,,,abraarschool.com
2608852853,Abrams Hebrew Academy,abramsonline.org,abramsonline.org,Lead,,,abramsonline.org
2798915359,Abramson Science and Technology Charter School,abramsonst.org,abramsonst.org,Lead,,,
4990204148,Abraxas Youth Center,abraxasyfs.com,abraxasyfs.com,Lead,,,www.abraxasyfs.com
